cagr,VaR_95,sharpe,max_drawdown,win_loss_ratio
0.02193540309967834,-0.0007197549077077037,0.3513009468939124,-0.08232855841262318,0.7567567567567568
