sharpe,cagr,max_drawdown,win_loss_ratio
0.40207835165876427,0.04252569855002086,-0.11501417382841982,0.6115702479338843
