sharpe,cagr,max_drawdown,win_loss_ratio
0.36443390439531187,0.03090154200284112,-0.162726084642569,0.5283018867924528
