cagr,VaR_95,sharpe,max_drawdown,win_loss_ratio
0.030927313538628542,-0.011956426280092858,0.26008953142438856,-0.20466911058123,0.9054054054054054
