sharpe,cagr,max_drawdown,win_loss_ratio
0.03646627274256484,-0.01973394162633213,-0.3658550701031787,0.8601583113456465
