cagr,VaR_95,sharpe,max_drawdown,win_loss_ratio
-0.009420760576402398,-0.0037695309074413097,-0.13161649163702768,-0.15504594276559433,0.4889705882352941
